InstrumentItemID,InstrumentID,ItemID,ItemPosition,ItemDisplayNumber
3984,100,2041,34,0
3985,100,2042,35,0
3986,101,2043,1,1
3987,101,2044,2,2
3988,101,2045,3,3
3989,101,2046,4,4
3990,101,2047,5,5
3991,101,2048,6,6
3992,101,1909,7,7
3993,101,2049,8,1
3994,101,2050,9,2
3995,101,2051,10,3
3996,101,2052,11,4
3997,101,2053,12,5
3998,101,2054,13,6
3999,101,2055,14,7
4000,101,1917,15,1
4001,101,2056,16,2
4002,101,2057,17,3
4003,101,2058,18,4
4004,101,2059,19,5
4005,101,1922,20,6
4006,101,1923,21,7
4007,101,2060,22,1
4008,101,2061,23,2
4009,101,2062,24,3
4010,101,2063,25,4
4011,101,2064,26,5
4012,101,2065,27,6
4013,101,2066,28,7
4014,101,2067,29,1
4015,101,2068,30,2
4016,101,2069,31,3
4017,101,2070,32,4
4018,101,2071,33,5
4019,101,1936,34,6
4020,101,2072,35,7
4021,102,2073,1,1
4022,102,2074,2,2
4023,102,2075,3,3
4024,102,2076,4,4
4025,102,2077,5,5
4026,102,2078,6,6
4027,102,1944,7,7
4028,102,2079,8,1
4029,102,2080,9,2
4030,102,2081,10,3
4031,102,2082,11,4
4032,102,2083,12,5
4033,102,2084,13,6
4034,102,2085,14,7
4035,102,2086,15,1
4036,102,2087,16,2
4037,102,2088,17,3
4038,102,2089,18,4
4039,102,2090,19,5
4040,102,1957,20,6
4041,102,2091,21,7
4042,102,2092,22,1
4043,102,2093,23,2
4044,102,2094,24,3
4045,102,2095,25,4
4046,102,2096,26,5
4047,102,2097,27,6
4048,102,2098,28,7
4049,102,2099,29,1
4050,102,2100,30,2
4051,102,2101,31,3
4052,102,2102,32,4
4053,102,2103,33,5
4054,102,1971,34,6
4055,102,2104,35,7
4056,105,2105,1,1
4057,105,2106,2,2
4058,105,2107,3,3
4059,105,2108,4,4
4060,105,2109,5,5
4061,105,2110,6,6
4062,105,2111,7,7
4063,105,2112,8,1
4064,105,2113,9,2
4065,105,2114,10,3
4066,105,2115,11,4
4067,105,2116,12,5
4068,105,2117,13,6
4069,105,2118,14,7
4070,105,2119,15,1
4071,105,2120,16,2
4072,105,2121,17,3
4073,105,2122,18,4
4074,105,2123,19,5
4075,105,2124,20,6
4076,105,2125,21,7
4077,105,2126,22,1
4078,105,2127,23,2
4079,105,2128,24,3
4080,105,2129,25,4
4081,105,2130,26,5
4082,105,2131,27,6
4083,105,2132,28,7
4084,105,2133,29,1
4085,105,2134,30,2
4086,105,2135,31,3
4087,105,2136,32,4
4088,105,2137,33,5
4089,105,2138,34,6
4090,105,2139,35,7
2358,45,849,4,
2359,45,850,5,
2360,45,851,6,
2361,45,852,7,
2362,45,853,8,
2363,45,854,9,
2364,45,855,10,
2365,45,856,11,
2366,45,857,12,
2367,45,858,13,
2368,45,859,14,
2369,45,860,15,
2370,45,861,16,
2371,45,862,17,
2372,45,863,18,
2373,45,864,19,
2374,45,865,20,
2375,45,866,21,
2376,45,867,22,
2377,45,868,23,
2378,45,869,24,
2379,45,870,25,
2380,45,871,26,
2381,45,872,27,
2382,45,873,28,
2383,45,874,29,
2384,45,875,30,
2385,45,876,31,
2386,45,877,32,
2387,45,878,33,
2388,45,879,34,
2389,45,880,35,
2390,45,881,36,
2391,45,882,37,
2392,45,883,38,
2393,45,884,39,
2394,45,885,40,
2395,45,886,41,
2396,45,887,42,
2397,45,888,43,
2398,45,1006,44,
2399,45,1007,45,
2400,45,1008,46,
2401,45,1009,47,
2402,46,1709,1,
2403,46,1710,2,
2404,46,1711,3,
2405,46,1712,4,
2406,46,1713,5,
2407,46,1714,6,
2408,46,1715,7,
2409,46,1716,8,
2410,46,1717,9,
2411,46,1718,10,
2412,46,1719,11,
2413,46,1720,12,
2414,46,1721,13,
2415,46,1722,14,
2416,46,1723,15,
2417,46,1724,16,
2418,46,1725,17,
2419,46,1726,18,
2420,46,1727,19,
2421,46,1728,20,
2422,46,1729,21,
2423,46,1730,22,
2424,46,1731,23,
2425,46,890,24,
2426,46,891,25,
2427,46,892,26,
2428,46,893,27,
2429,46,894,28,
2430,46,895,29,
2431,46,896,30,
2432,46,897,31,
2433,46,898,32,
2434,46,899,33,
2435,46,900,34,
2436,46,901,35,
2437,46,902,36,
2438,46,903,37,
2439,46,904,38,
2440,46,905,39,
2441,46,906,40,
2442,46,907,41,
2443,46,908,42,
2444,46,909,43,
2445,46,910,44,
2446,46,911,45,
2447,46,912,46,
2448,46,913,47,
2449,49,1010,1,
2450,49,1011,2,
2451,49,1012,3,
2452,49,1013,4,
2453,49,1014,5,
2454,49,1015,6,
2455,49,1016,7,
2456,49,1017,8,
2457,49,1018,9,
2458,49,1019,10,
2459,49,1020,11,
2460,49,1021,12,
2461,49,1022,13,
2462,49,1023,14,
2463,49,1024,15,
2464,49,1025,16,
2465,49,1026,17,
2466,49,1027,18,
2467,49,1028,19,
2468,49,1029,20,
2469,49,1030,21,
2470,49,1031,22,
2471,49,1032,23,
2472,49,1033,24,
2473,49,1034,25,
2474,49,1035,26,
2475,49,1036,27,
2476,49,1037,28,
2477,49,1038,29,
2478,49,1039,30,
2479,49,1040,31,
2480,49,1041,32,
2481,49,1042,33,
2482,49,1043,34,
2483,49,1044,35,
2484,49,1045,36,
2485,49,1046,37,
2486,49,1047,38,
2487,49,1048,39,
2488,49,1049,40,
2489,49,1050,41,
2490,49,1051,42,
2491,49,1052,43,
2492,49,1053,44,
2493,49,1054,45,
2494,49,1055,46,
2495,49,1056,47,
2496,50,914,1,
2497,50,915,2,
2498,50,916,3,
2499,50,917,4,
2500,50,918,5,
2501,50,919,6,
2502,50,920,7,
2503,50,921,8,
2504,50,922,9,
2505,50,923,10,
2506,50,924,11,
2507,50,925,12,
2508,50,926,13,
2509,50,927,14,
2510,50,928,15,
2511,50,929,16,
2512,50,930,17,
2513,50,931,18,
2514,50,932,19,
2515,50,933,20,
2516,50,934,21,
2517,50,935,22,
2518,50,936,23,
2519,50,937,24,
2520,50,938,25,
2521,50,939,26,
2522,50,940,27,
2523,50,941,28,
2524,50,942,29,
2525,50,943,30,
2526,50,944,31,
2527,50,945,32,
2528,50,946,33,
2529,50,947,34,
2530,50,948,35,
2531,50,949,36,
2532,50,950,37,
2533,50,951,38,
2534,50,952,39,
2535,50,953,40,
2536,50,954,41,
2537,50,955,42,
2538,50,956,43,
2539,50,957,44,
2540,50,958,45,
2541,50,959,46,
2542,50,960,47,
2543,53,1057,1,
2544,53,1058,2,
2545,53,1059,3,
2546,53,1060,4,
2547,53,1061,5,
2548,53,1062,6,
2549,53,1063,7,
2550,53,1064,8,
2551,53,1065,9,
2552,53,1066,10,
2553,53,1067,11,
2554,53,1068,12,
2555,53,1069,13,
2556,53,1070,14,
2557,53,1071,15,
2558,53,1072,16,
2559,53,1073,17,
2560,53,1074,18,
2561,53,1075,19,
2562,53,1076,20,
2563,53,1077,21,
2564,53,1078,22,
2565,53,1079,23,
2566,53,1080,24,
2567,53,1081,25,
2568,53,1082,26,
2569,53,1083,27,
2570,53,1084,28,
2571,53,1085,29,
2572,53,1086,30,
2573,53,1087,31,
2574,53,1088,32,
2575,53,1089,33,
2576,53,1090,34,
2577,53,1091,35,
2578,53,1092,36,
2579,53,1093,37,
2580,53,1094,38,
2581,53,1095,39,
2582,53,1096,40,
2583,53,1097,41,
2584,53,1098,42,
2585,53,1099,43,
2586,53,1100,44,
2587,53,1101,45,
2588,53,1102,46,
2589,53,1103,47,
2590,54,961,1,
2591,54,962,2,
2592,54,963,3,
2593,54,964,4,
2594,54,965,5,
2595,54,966,6,
2596,54,967,7,
2597,54,968,8,
2598,54,969,9,
2599,54,970,10,
2600,54,971,11,
2601,54,972,12,
2602,54,973,13,
2603,54,974,14,
2604,54,975,15,
2605,54,976,16,
2606,54,977,17,
2607,54,978,18,
2608,54,979,19,
2609,54,980,20,
2610,54,981,21,
2611,54,982,22,
2612,54,983,23,
2613,54,984,24,
2614,54,985,25,
2615,54,986,26,
2616,54,987,27,
2617,54,988,28,
2618,54,989,29,
2619,54,990,30,
2620,54,991,31,
2621,54,992,32,
2622,54,993,33,
2623,54,994,34,
2624,54,995,35,
2625,54,996,36,
2626,54,997,37,
2627,54,998,38,
2628,54,999,39,
2629,54,1000,40,
2630,54,1001,41,
2631,54,1002,42,
2632,54,1003,43,
2633,54,1004,44,
2634,54,1005,45,
2635,54,1732,46,
2636,54,1733,47,
2637,57,1104,1,
2638,57,1105,2,
2639,57,1106,3,
2640,57,1107,4,
2641,57,1108,5,
2642,57,1109,6,
2643,57,1110,7,
2644,57,1111,8,
2645,57,1112,9,
2646,57,1113,10,
2647,57,1114,11,
2648,57,1115,12,
2649,57,1116,13,
2650,57,1117,14,
2651,57,1118,15,
2652,57,1119,16,
2653,57,1120,17,
2654,57,1121,18,
2655,57,1122,19,
2656,57,1123,20,
2657,57,1124,21,
2658,57,1125,22,
2659,57,1126,23,
2660,57,1127,24,
2661,57,1128,25,
2662,57,1129,26,
2663,57,1130,27,
2664,57,1131,28,
2665,57,1132,29,
2666,57,1133,30,
2667,57,1134,31,
2668,57,1135,32,
2669,57,1136,33,
2670,57,1137,34,
2671,57,1138,35,
2672,57,1139,36,
2673,57,1140,37,
2674,57,1141,38,
2675,57,1142,39,
2676,57,1143,40,
2677,57,1144,41,
2678,57,1145,42,
2679,57,1146,43,
2680,57,1147,44,
2681,57,1148,45,
2682,57,1149,46,
2683,57,1150,47,
2684,58,1734,1,
2685,58,1735,2,
2686,58,1736,3,
2687,58,1737,4,
2688,58,1738,5,
2689,58,1739,6,
2690,58,1740,7,
2691,58,1741,8,
2692,58,1742,9,
2693,58,1743,10,
2694,58,1744,11,
2695,58,1745,12,
2696,58,1746,13,
2697,58,1747,14,
2698,58,1748,15,
2699,58,1749,16,
2700,58,1750,17,
2701,58,1751,18,
2702,58,1752,19,
2703,58,1753,20,
2704,58,1754,21,
2705,58,1755,22,
2706,58,1756,23,
2707,58,1757,24,
2708,58,1758,25,
2709,58,1759,26,
2710,58,1760,27,
2711,58,1761,28,
2712,58,1762,29,
2713,58,1763,30,
2714,58,1764,31,
2715,58,1765,32,
2716,58,1766,33,
2717,58,1767,34,
2718,58,1768,35,
2719,58,1769,36,
2720,58,1770,37,
2721,58,1771,38,
2722,58,1772,39,
2723,58,1773,40,
2724,58,1774,41,
2725,58,1775,42,
2726,58,1776,43,
2727,58,1777,44,
2728,58,1778,45,
2729,58,1779,46,
2730,58,1780,47,
2731,61,1151,1,
2732,61,1152,2,
2733,61,1153,3,
2734,61,1154,4,
2735,61,1155,5,
2736,61,1156,6,
2737,61,1157,7,
2738,61,1158,8,
2739,61,1159,9,
2740,61,1160,10,
2741,61,1161,11,
2742,61,1162,12,
2743,61,1163,13,
2744,61,1164,14,
2745,61,1165,15,
2746,61,1166,16,
2747,61,1167,17,
2748,61,1168,18,
2749,61,1169,19,
2750,61,1170,20,
2751,61,1171,21,
2752,61,1172,22,
2753,61,1173,23,
2754,61,1174,24,
2755,61,1175,25,
2756,61,1176,26,
2757,61,1177,27,
2758,61,1178,28,
2759,61,1179,29,
2760,61,1180,30,
2761,61,1181,31,
2762,61,1182,32,
2763,61,1183,33,
2764,61,1184,34,
2765,61,1185,35,
2766,61,1186,36,
2767,61,1187,37,
2768,61,1188,38,
2769,61,1189,39,
2770,61,1190,40,
2771,61,1191,41,
2772,61,1192,42,
2773,61,1193,43,
2774,61,1194,44,
2775,61,1195,45,
2776,61,1196,46,
2777,61,1197,47,
2778,65,1198,1,
2779,65,1199,2,
2780,65,1200,3,
2781,65,1201,4,
2782,65,1202,5,
2783,65,1203,6,
2784,65,1204,7,
2785,65,1205,8,
2786,65,1206,9,
2787,65,1207,10,
2788,65,1208,11,
2789,65,1209,12,
2790,65,1210,13,
2791,65,1211,14,
2792,65,1419,15,
2793,65,1420,16,
2794,65,1421,17,
2795,65,1422,18,
2796,65,1423,19,
2797,65,1424,20,
2798,65,1425,21,
2799,65,1426,22,
2800,65,1427,23,
2801,65,1428,24,
2802,65,1429,25,
2803,65,1430,26,
2804,65,1431,27,
2805,65,1432,28,
2806,65,1433,29,
2807,65,1434,30,
2808,65,1435,31,
2809,65,1436,32,
2810,65,1437,33,
2811,65,1438,34,
2812,65,1439,35,
2813,65,1440,36,
2814,65,1441,37,
2815,65,1442,38,
2816,65,1443,39,
2817,65,1444,40,
2818,65,1445,41,
2819,65,1446,42,
2820,65,1447,43,
2821,65,1448,44,
2822,65,1449,45,
2823,65,1450,46,
2824,65,1451,47,
2825,66,1781,1,
2826,66,1782,2,
2827,66,1783,3,
2828,66,1784,4,
2829,66,1785,5,
2830,66,1786,6,
2831,66,1787,7,
2832,66,1788,8,
2833,66,1789,9,
2834,66,1790,10,
2835,66,1791,11,
2836,66,1792,12,
2837,66,1793,13,
2838,66,1794,14,
2839,66,1795,15,
2840,66,1796,16,
2841,66,1797,17,
2842,66,1798,18,
2843,66,1799,19,
2844,66,1800,20,
2845,66,1801,21,
2846,66,1802,22,
1253,9,565,1,
1254,9,566,2,
1255,9,567,3,
1256,9,568,4,
1257,9,569,5,
1258,9,570,6,
1259,9,571,7,
1260,9,572,8,
1261,9,573,9,
1262,9,574,10,
1263,9,575,11,
1264,9,576,12,
1265,9,577,13,
1266,9,578,14,
1267,9,579,15,
1268,9,580,16,
1269,9,581,17,
1270,9,582,18,
1271,9,583,19,
1272,9,584,20,
1273,9,585,21,
1274,9,586,22,
1275,9,587,23,
1276,9,588,24,
1277,9,589,25,
1278,9,590,26,
1279,9,591,27,
1280,9,592,28,
1281,9,593,29,
1282,9,594,30,
1283,9,595,31,
1284,9,596,32,
1285,9,597,33,
1286,9,598,34,
1287,9,599,35,
1288,9,600,36,
1289,9,601,37,
1290,9,602,38,
1291,9,603,39,
1292,9,604,40,
1293,9,605,41,
1294,9,606,42,
1295,9,607,43,
1296,9,608,44,
1297,9,609,45,
1298,9,610,46,
1299,9,611,47,
1300,10,413,1,
1301,10,414,2,
1302,10,415,3,
1303,10,416,4,
1304,10,417,5,
1305,10,418,6,
1306,10,419,7,
1307,10,420,8,
1308,10,421,9,
1309,10,422,10,
1310,10,423,11,
1311,10,424,12,
1312,10,425,13,
1313,10,426,14,
1314,10,427,15,
1315,10,428,16,
1316,10,429,17,
1317,10,430,18,
1318,10,431,19,
1319,10,432,20,
1320,10,433,21,
1321,10,434,22,
1322,10,435,23,
1323,10,436,24,
1324,10,437,25,
1325,10,438,26,
1326,10,439,27,
1327,10,440,28,
1328,10,441,29,
1329,10,442,30,
1330,10,443,31,
1331,10,444,32,
1332,10,445,33,
1333,10,446,34,
1334,10,447,35,
1335,10,448,36,
1336,10,449,37,
1337,10,450,38,
1338,10,451,39,
1339,10,452,40,
1340,10,453,41,
1341,10,454,42,
1342,10,455,43,
1343,10,456,44,
1344,10,457,45,
2847,66,1803,23,
2848,66,1804,24,
2849,66,1805,25,
2850,66,1806,26,
2851,66,1807,27,
2852,66,1808,28,
2853,66,1809,29,
2854,66,1810,30,
2855,66,1811,31,
2856,66,1812,32,
2857,66,1813,33,
2858,66,1814,34,
2859,66,1815,35,
2860,66,1816,36,
2861,66,1817,37,
2862,66,1818,38,
2863,66,1819,39,
2864,66,1820,40,
2865,66,1821,41,
2866,66,1822,42,
2867,66,1823,43,
2868,66,1824,44,
2869,66,1825,45,
2870,66,1826,46,
2871,66,1827,47,
2872,69,1452,1,
2873,69,1453,2,
2874,69,1454,3,
2875,69,1455,4,
2876,69,1456,5,
2877,69,1457,6,
2878,69,1458,7,
2879,69,1459,8,
2880,69,1460,9,
2881,69,1461,10,
2882,69,1462,11,
2883,69,1463,12,
2884,69,1464,13,
2885,69,1465,14,
2886,69,1466,15,
2887,69,1467,16,
2888,69,1468,17,
2889,69,1469,18,
2890,69,1470,19,
2891,69,1471,20,
2892,69,1472,21,
2893,69,1473,22,
2894,69,1474,23,
2895,69,1475,24,
2896,69,1476,25,
2897,69,1477,26,
2898,69,1478,27,
2899,69,1479,28,
2900,69,1480,29,
2901,69,1481,30,
2902,69,1482,31,
2903,69,1483,32,
2904,69,1484,33,
2905,69,1485,34,
2906,69,1486,35,
2907,69,1487,36,
2908,69,1488,37,
2909,69,1489,38,
2910,69,1490,39,
2911,69,1491,40,
2912,69,1492,41,
2913,69,1493,42,
2914,69,1494,43,
2915,69,1495,44,
2916,69,1496,45,
2917,69,1497,46,
2918,69,1498,47,
2919,70,1828,1,
2920,70,1829,2,
2921,70,1830,3,
2922,70,1831,4,
2923,70,1832,5,
2924,70,1833,6,
2925,70,1834,7,
2926,70,1835,8,
2927,70,1836,9,
2928,70,1837,10,
2929,70,1838,11,
2930,70,1839,12,
2931,70,1840,13,
2932,70,1841,14,
2933,70,1842,15,
2934,70,1843,16,
2935,70,1844,17,
2936,70,1845,18,
2937,70,1846,19,
2938,70,1847,20,
2939,70,1848,21,
2940,70,1849,22,
2941,70,1850,23,
2942,70,1851,24,
2943,70,1852,25,
2944,70,1853,26,
2945,70,1854,27,
2946,70,1855,28,
2947,70,1856,29,
2948,70,1857,30,
2949,70,1858,31,
2950,70,1859,32,
2951,70,1860,33,
2952,70,1861,34,
2953,70,1862,35,
2954,70,1863,36,
2955,70,1864,37,
2956,70,1865,38,
2957,70,1866,39,
2958,70,1867,40,
2959,70,1868,41,
2960,70,1869,42,
2961,70,1870,43,
2962,70,1871,44,
2963,70,1872,45,
2964,70,1873,46,
2965,70,1874,47,
2966,74,1875,1,
2967,74,1876,2,
2968,74,1877,3,
2969,74,1878,4,
2970,74,1879,5,
2971,74,1880,6,
2972,74,1881,7,
2973,74,1882,8,
2974,74,1883,9,
2975,74,1884,10,
2976,74,1885,11,
2977,74,1886,12,
2978,74,1887,13,
2979,74,1888,14,
2980,74,1889,15,
2981,74,1890,16,
2982,74,1891,17,
2983,74,1892,18,
2984,74,1893,19,
2985,74,1894,20,
2986,74,1895,21,
2987,74,1896,22,
2988,74,1897,23,
2989,74,1898,24,
2990,74,1899,25,
2991,74,1900,26,
2992,74,1901,27,
2993,74,1902,28,
2994,74,1212,29,
2995,74,1213,30,
2996,74,1214,31,
2997,74,1215,32,
2998,74,1216,33,
2999,74,1217,34,
3000,74,1218,35,
3001,74,1219,36,
3002,74,1220,37,
3003,74,1221,38,
3004,74,1222,39,
3005,74,1223,40,
3006,74,1224,41,
3007,74,1225,42,
3008,74,1226,43,
3009,74,1227,44,
3010,74,1228,45,
3011,74,1229,46,
3012,74,1230,47,
3013,81,1521,1,
3014,81,1522,2,
3015,81,1523,3,
3016,81,1524,4,
3017,81,1525,5,
3018,81,1526,6,
3019,81,1527,7,
3020,81,1528,8,
3021,81,1529,9,
3022,81,1530,10,
3023,81,1531,11,
3024,81,1532,12,
3025,81,1533,13,
3026,81,1534,14,
3027,81,1535,15,
3028,81,1536,16,
3029,81,1537,17,
3030,81,1538,18,
3031,81,1539,19,
3032,81,1540,20,
3033,81,1541,21,
3034,81,1542,22,
3035,81,1543,23,
3036,81,1544,24,
3037,81,1545,25,
3038,81,1546,26,
3039,81,1547,27,
3040,81,1548,28,
3041,81,1549,29,
3042,81,1550,30,
3043,81,1551,31,
3044,81,1552,32,
3045,81,1553,33,
3046,81,1554,34,
3047,81,1555,35,
3048,81,1556,36,
3049,81,1557,37,
3050,81,1558,38,
3051,81,1559,39,
3052,81,1560,40,
3053,81,1561,41,
3054,81,1562,42,
3055,81,1563,43,
3056,81,1564,44,
3057,81,1565,45,
3058,81,1566,46,
3059,81,1567,47,
3060,82,1231,1,
3061,82,1232,2,
3062,82,1233,3,
3063,82,1234,4,
3064,82,1235,5,
3065,82,1236,6,
3066,82,1237,7,
3067,82,1238,8,
3068,82,1239,9,
3069,82,1240,10,
3070,82,1241,11,
3071,82,1242,12,
3072,82,1243,13,
3073,82,1244,14,
3074,82,1245,15,
3075,82,1246,16,
3076,82,1247,17,
3077,82,1248,18,
3078,82,1249,19,
3079,82,1250,20,
3080,82,1251,21,
3081,82,1252,22,
3082,82,1253,23,
3083,82,1254,24,
3084,82,1255,25,
3085,82,1256,26,
3086,82,1257,27,
3087,82,1258,28,
3088,82,1259,29,
3089,82,1260,30,
3090,82,1261,31,
3091,82,1262,32,
3092,82,1263,33,
3093,82,1264,34,
3094,82,1265,35,
3095,82,1266,36,
3096,82,1267,37,
3097,82,1268,38,
3098,82,1269,39,
3099,82,1270,40,
3100,82,1271,41,
3101,82,1272,42,
3102,82,1273,43,
3103,82,1274,44,
3104,82,1275,45,
3105,82,1276,46,
3106,82,1277,47,
3107,85,1615,1,
3108,85,1616,2,
3109,85,1617,3,
3110,85,1618,4,
3111,85,1619,5,
3112,85,1620,6,
3113,85,1621,7,
3114,85,1622,8,
3115,85,1623,9,
3116,85,1624,10,
3117,85,1625,11,
3118,85,1626,12,
3119,85,1627,13,
3120,85,1628,14,
3121,85,1629,15,
3122,85,1630,16,
3123,85,1631,17,
3124,85,1632,18,
3125,85,1633,19,
3126,85,1634,20,
3127,85,1635,21,
3128,85,1636,22,
3129,85,1637,23,
3130,85,1638,24,
3131,85,1639,25,
3132,85,1640,26,
3133,85,1641,27,
3134,85,1642,28,
3135,85,1643,29,
3136,85,1644,30,
3137,85,1645,31,
3138,85,1646,32,
3139,85,1647,33,
3140,85,1648,34,
3141,85,1649,35,
3142,85,1650,36,
3143,85,1651,37,
3144,85,1652,38,
3145,85,1653,39,
3146,85,1654,40,
3147,85,1655,41,
3148,85,1656,42,
3149,85,1657,43,
3150,85,1658,44,
3151,85,1659,45,
3152,85,1660,46,
3153,85,1661,47,
3154,86,1325,1,
3155,86,1326,2,
3156,86,1327,3,
3157,86,1328,4,
3158,86,1329,5,
3159,86,1330,6,
3160,86,1331,7,
3161,86,1332,8,
3162,86,1333,9,
3163,86,1334,10,
3164,86,1335,11,
3165,86,1336,12,
3166,86,1337,13,
3167,86,1338,14,
3168,86,1339,15,
3169,86,1340,16,
3170,86,1341,17,
3171,86,1342,18,
3172,86,1343,19,
3173,86,1344,20,
3174,86,1345,21,
3175,86,1346,22,
3176,86,1347,23,
3177,86,1348,24,
3178,86,1349,25,
3179,86,1350,26,
3180,86,1351,27,
3181,86,1352,28,
3182,86,1353,29,
3183,86,1354,30,
3184,86,1355,31,
3185,86,1356,32,
3186,86,1357,33,
3187,86,1358,34,
3188,86,1359,35,
3189,86,1360,36,
3190,86,1361,37,
3191,86,1362,38,
3192,86,1363,39,
3193,86,1364,40,
3194,86,1365,41,
3195,86,1366,42,
3196,86,1367,43,
3197,86,1368,44,
3198,86,1369,45,
3199,86,1370,46,
3200,86,1371,47,
3201,89,1662,1,
3202,89,1663,2,
3203,89,1664,3,
3204,89,1665,4,
3205,89,1666,5,
3206,89,1667,6,
3207,89,1668,7,
3208,89,1669,8,
3209,89,1670,9,
3210,89,1671,10,
3211,89,1672,11,
3212,89,1673,12,
3213,89,1674,13,
3214,89,1675,14,
3215,89,1676,15,
3216,89,1677,16,
3217,89,1678,17,
3218,89,1679,18,
3219,89,1680,19,
3220,89,1681,20,
3221,89,1682,21,
3222,89,1683,22,
3223,89,1684,23,
3224,89,1685,24,
3225,89,1686,25,
3226,89,1687,26,
3227,89,1688,27,
3228,89,1689,28,
3229,89,1690,29,
3230,89,1691,30,
3231,89,1692,31,
3232,89,1693,32,
3233,89,1694,33,
3234,89,1695,34,
3235,89,1696,35,
3236,89,1697,36,
3237,89,1698,37,
3238,89,1699,38,
3239,89,1700,39,
3240,89,1701,40,
3241,89,1702,41,
3242,89,1703,42,
3243,89,1704,43,
3244,89,1705,44,
3245,89,1706,45,
3246,89,1707,46,
3247,89,1708,47,
3248,90,1372,1,
3249,90,1373,2,
3250,90,1374,3,
3251,90,1375,4,
3252,90,1376,5,
3253,90,1377,6,
3254,90,1378,7,
3255,90,1379,8,
3256,90,1380,9,
3257,90,1381,10,
3258,90,1382,11,
3259,90,1383,12,
3260,90,1384,13,
3261,90,1385,14,
3262,90,1386,15,
3263,90,1387,16,
3264,90,1388,17,
3265,90,1389,18,
3266,90,1390,19,
3267,90,1391,20,
3268,90,1392,21,
3269,90,1393,22,
3270,90,1394,23,
3271,90,1395,24,
3272,90,1396,25,
3273,90,1397,26,
3274,90,1398,27,
3275,90,1399,28,
3276,90,1400,29,
3277,90,1401,30,
3278,90,1402,31,
3279,90,1403,32,
3280,90,1404,33,
3281,90,1405,34,
3282,90,1406,35,
3283,90,1407,36,
3284,90,1408,37,
3285,90,1409,38,
3286,90,1410,39,
3287,90,1411,40,
3288,90,1412,41,
3289,90,1413,42,
3290,90,1414,43,
3291,90,1415,44,
3292,90,1416,45,
3293,90,1417,46,
3294,90,1418,47,
3295,19,1569,1,
3296,19,1571,2,
3297,19,1572,3,
3298,19,1573,4,
3299,19,1580,5,
3300,19,1600,6,
3301,19,1599,7,
3302,19,1578,8,
3303,19,1584,9,
3304,19,1582,10,
3305,19,1603,11,
3306,19,1609,12,
3307,19,1586,13,
3308,19,1593,14,
3309,19,1592,15,
3310,19,1596,16,
3311,19,1598,17,
3312,19,1604,18,
3313,19,1607,19,
3314,19,1608,20,
3315,19,1588,21,
3316,19,1610,22,
3317,19,1611,23,
3318,19,1614,24,
3319,19,1594,25,
3320,20,1279,1,
3321,20,1281,2,
3322,20,1282,3,
3323,20,1283,4,
3324,20,1290,5,
3325,20,1310,6,
3326,20,1309,7,
3327,20,1288,8,
3328,20,1294,9,
3329,20,1292,10,
3330,20,1313,11,
3331,20,1319,12,
3332,20,1296,13,
3333,20,1303,14,
3334,20,1302,15,
3335,20,1306,16,
3336,20,1308,17,
3337,20,1314,18,
3338,20,1317,19,
3339,20,1318,20,
3340,20,1298,21,
3341,20,1320,22,
3342,20,1321,23,
3343,20,1324,24,
3344,20,1304,25,
3345,47,847,1,
3346,47,849,2,
3347,47,850,3,
3348,47,851,4,
3349,47,858,5,
3350,47,878,6,
3351,47,877,7,
3352,47,856,8,
3353,47,862,9,
3354,47,860,10,
3355,47,881,11,
3356,47,887,12,
3357,47,864,13,
3358,47,871,14,
3359,47,870,15,
3360,47,874,16,
3361,47,876,17,
3362,47,882,18,
3363,47,885,19,
3364,47,886,20,
3365,47,866,21,
3366,47,888,22,
3367,47,1006,23,
3368,47,1009,24,
3369,47,872,25,
3370,48,1710,1,
3371,48,1712,2,
3372,48,1713,3,
3373,48,1714,4,
3374,48,1721,5,
3375,48,899,6,
3376,48,898,7,
3377,48,1719,8,
3378,48,1725,9,
3379,48,1723,10,
3380,48,902,11,
3381,48,908,12,
3382,48,1727,13,
3383,48,892,14,
3384,48,891,15,
3385,48,895,16,
3386,48,897,17,
3387,48,903,18,
3388,48,906,19,
3389,48,907,20,
3390,48,1729,21,
3391,48,909,22,
3392,48,910,23,
3393,48,913,24,
3394,48,893,25,
3395,51,1011,1,
3396,51,1013,2,
3397,51,1014,3,
3398,51,1015,4,
3399,51,1022,5,
3400,51,1042,6,
3401,51,1041,7,
3402,51,1020,8,
3403,51,1026,9,
3404,51,1024,10,
3405,51,1045,11,
3406,51,1051,12,
3407,51,1028,13,
3408,51,1035,14,
3409,51,1034,15,
3410,51,1038,16,
3411,51,1040,17,
3412,51,1046,18,
3413,51,1049,19,
3414,51,1050,20,
3415,51,1030,21,
3416,51,1052,22,
3417,51,1053,23,
3418,51,1056,24,
3419,51,1036,25,
3420,52,915,1,
3421,52,917,2,
3422,52,918,3,
3423,52,919,4,
3424,52,926,5,
3425,52,946,6,
3426,52,945,7,
3427,52,924,8,
3428,52,930,9,
3429,52,928,10,
3430,52,949,11,
3431,52,955,12,
3432,52,932,13,
3433,52,939,14,
3434,52,938,15,
3435,52,942,16,
3436,52,944,17,
3437,52,950,18,
3438,52,953,19,
3439,52,954,20,
3440,52,934,21,
3441,52,956,22,
3442,52,957,23,
3443,52,960,24,
3444,52,940,25,
3445,55,1058,1,
3446,55,1060,2,
3447,55,1061,3,
3448,55,1062,4,
3449,55,1069,5,
3450,55,1089,6,
3451,55,1088,7,
3452,55,1067,8,
3453,55,1073,9,
3454,55,1071,10,
3455,55,1092,11,
3456,55,1098,12,
3457,55,1075,13,
3458,55,1082,14,
3459,55,1081,15,
3460,55,1085,16,
3461,55,1087,17,
3462,55,1093,18,
3463,55,1096,19,
3464,55,1097,20,
3465,55,1077,21,
3466,55,1099,22,
3467,55,1100,23,
3468,55,1103,24,
3469,55,1083,25,
3470,56,962,1,
3471,56,964,2,
3472,56,965,3,
3473,56,966,4,
3474,56,973,5,
3475,56,993,6,
3476,56,992,7,
3477,56,971,8,
3478,56,977,9,
3479,56,975,10,
3480,56,996,11,
3481,56,1002,12,
3482,56,979,13,
3483,56,986,14,
3484,56,985,15,
3485,56,989,16,
3486,56,991,17,
3487,56,997,18,
3488,56,1000,19,
3489,56,1001,20,
3490,56,981,21,
3491,56,1003,22,
3492,56,1004,23,
3493,56,1733,24,
3494,56,987,25,
3495,59,1105,1,
3496,59,1107,2,
3497,59,1108,3,
3498,59,1109,4,
3499,59,1116,5,
3500,59,1136,6,
3501,59,1135,7,
3502,59,1114,8,
3503,59,1120,9,
3504,59,1118,10,
3505,59,1139,11,
3506,59,1145,12,
3507,59,1122,13,
3508,59,1129,14,
3509,59,1128,15,
3510,59,1132,16,
3511,59,1134,17,
3512,59,1140,18,
3513,59,1143,19,
3514,59,1144,20,
3515,59,1124,21,
3516,59,1146,22,
3517,59,1147,23,
3518,59,1150,24,
3519,59,1130,25,
3520,60,1735,1,
3521,60,1737,2,
3522,60,1738,3,
3523,60,1739,4,
3524,60,1746,5,
3525,60,1766,6,
3526,60,1765,7,
3527,60,1744,8,
3528,60,1750,9,
3529,60,1748,10,
3530,60,1769,11,
3531,60,1775,12,
3532,60,1752,13,
3533,60,1759,14,
3534,60,1758,15,
3535,60,1762,16,
3536,60,1764,17,
3537,60,1770,18,
3538,60,1773,19,
3539,60,1774,20,
3540,60,1754,21,
3541,60,1776,22,
3542,60,1777,23,
3543,60,1780,24,
3544,60,1760,25,
3545,63,1152,1,
3546,63,1154,2,
3547,63,1155,3,
3548,63,1156,4,
3549,63,1163,5,
3550,63,1183,6,
3551,63,1182,7,
3552,63,1161,8,
3553,63,1167,9,
3554,63,1165,10,
3555,63,1186,11,
3556,63,1192,12,
3557,63,1169,13,
3558,63,1176,14,
3559,63,1175,15,
3560,63,1179,16,
3561,63,1181,17,
3562,63,1187,18,
3563,63,1190,19,
3564,63,1191,20,
3565,63,1171,21,
3566,63,1193,22,
3567,63,1194,23,
3568,63,1197,24,
3569,63,1177,25,
3570,67,1199,1,
3571,67,1201,2,
3572,67,1202,3,
3573,67,1203,4,
3574,67,1210,5,
3575,67,1437,6,
3576,67,1436,7,
3577,67,1208,8,
3578,67,1421,9,
3579,67,1419,10,
3580,67,1440,11,
3581,67,1446,12,
3582,67,1423,13,
3583,67,1430,14,
3584,67,1429,15,
3585,67,1433,16,
3586,67,1435,17,
3587,67,1441,18,
3588,67,1444,19,
3589,67,1445,20,
3590,67,1425,21,
3591,67,1447,22,
3592,67,1448,23,
3593,67,1451,24,
3594,67,1431,25,
3595,68,1782,1,
3596,68,1784,2,
3597,68,1785,3,
3598,68,1786,4,
3599,68,1793,5,
3600,68,1813,6,
3601,68,1812,7,
3602,68,1791,8,
3603,68,1797,9,
3604,68,1795,10,
3605,68,1816,11,
3606,68,1822,12,
3607,68,1799,13,
3608,68,1806,14,
3609,68,1805,15,
3610,68,1809,16,
3611,68,1811,17,
3612,68,1817,18,
3613,68,1820,19,
3614,68,1821,20,
3615,68,1801,21,
3616,68,1823,22,
3617,68,1824,23,
3618,68,1827,24,
3619,68,1807,25,
3620,71,1453,1,
3621,71,1455,2,
3622,71,1456,3,
3623,71,1457,4,
3624,71,1464,5,
3625,71,1484,6,
3626,71,1483,7,
3627,71,1462,8,
3628,71,1468,9,
3629,71,1466,10,
3630,71,1487,11,
3631,71,1493,12,
3632,71,1470,13,
3633,71,1477,14,
3634,71,1476,15,
3635,71,1480,16,
3636,71,1482,17,
3637,71,1488,18,
3638,71,1491,19,
3639,71,1492,20,
3640,71,1472,21,
3641,71,1494,22,
3642,71,1495,23,
3643,71,1498,24,
3644,71,1478,25,
3645,72,1829,1,
3646,72,1831,2,
3647,72,1832,3,
3648,72,1833,4,
3649,72,1840,5,
3650,72,1860,6,
3651,72,1859,7,
3652,72,1838,8,
3653,72,1844,9,
3654,72,1842,10,
3655,72,1863,11,
3656,72,1869,12,
3657,72,1846,13,
3658,72,1853,14,
3659,72,1852,15,
3660,72,1856,16,
3661,72,1858,17,
3662,72,1864,18,
3663,72,1867,19,
3664,72,1868,20,
3665,72,1848,21,
3666,72,1870,22,
3667,72,1871,23,
3668,72,1874,24,
3669,72,1854,25,
3670,76,1876,1,
3671,76,1878,2,
3672,76,1879,3,
3673,76,1880,4,
3674,76,1887,5,
3675,76,1216,6,
3676,76,1215,7,
3677,76,1885,8,
3678,76,1891,9,
3679,76,1889,10,
3680,76,1219,11,
3681,76,1225,12,
3682,76,1893,13,
3683,76,1900,14,
3684,76,1899,15,
3685,76,1212,16,
3686,76,1214,17,
3687,76,1220,18,
3688,76,1223,19,
3689,76,1224,20,
3690,76,1895,21,
3691,76,1226,22,
3692,76,1227,23,
3693,76,1230,24,
3694,76,1901,25,
3695,83,1522,1,
3696,83,1524,2,
3697,83,1525,3,
3698,83,1526,4,
3699,83,1533,5,
3700,83,1553,6,
3701,83,1552,7,
3702,83,1531,8,
3703,83,1537,9,
3704,83,1535,10,
3705,83,1556,11,
3706,83,1562,12,
3707,83,1539,13,
3708,83,1546,14,
3709,83,1545,15,
3710,83,1549,16,
3711,83,1551,17,
3712,83,1557,18,
3713,83,1560,19,
3714,83,1561,20,
3715,83,1541,21,
3716,83,1563,22,
3717,83,1564,23,
3718,83,1567,24,
3719,83,1547,25,
3720,84,1232,1,
3721,84,1234,2,
3722,84,1235,3,
3723,84,1236,4,
3724,84,1243,5,
3725,84,1263,6,
3726,84,1262,7,
3727,84,1241,8,
3728,84,1247,9,
3729,84,1245,10,
3730,84,1266,11,
3731,84,1272,12,
3732,84,1249,13,
3733,84,1256,14,
3734,84,1255,15,
3735,84,1259,16,
3736,84,1261,17,
3737,84,1267,18,
3738,84,1270,19,
3739,84,1271,20,
3740,84,1251,21,
3741,84,1273,22,
3742,84,1274,23,
3743,84,1277,24,
3744,84,1257,25,
3745,87,1616,1,
3746,87,1618,2,
3747,87,1619,3,
3748,87,1620,4,
3749,87,1627,5,
3750,87,1647,6,
3751,87,1646,7,
3752,87,1625,8,
3753,87,1631,9,
3754,87,1629,10,
3755,87,1650,11,
3756,87,1656,12,
3757,87,1633,13,
3758,87,1640,14,
3759,87,1639,15,
3760,87,1643,16,
3761,87,1645,17,
3762,87,1651,18,
3763,87,1654,19,
3764,87,1655,20,
3765,87,1635,21,
3766,87,1657,22,
3767,87,1658,23,
3768,87,1661,24,
3769,87,1641,25,
3770,88,1326,1,
3771,88,1328,2,
3772,88,1329,3,
3773,88,1330,4,
3774,88,1337,5,
3775,88,1357,6,
3776,88,1356,7,
3777,88,1335,8,
3778,88,1341,9,
3779,88,1339,10,
3780,88,1360,11,
3781,88,1366,12,
3782,88,1343,13,
3783,88,1350,14,
3784,88,1349,15,
3785,88,1353,16,
3786,88,1355,17,
3787,88,1361,18,
3788,88,1364,19,
3789,88,1365,20,
3790,88,1345,21,
3791,88,1367,22,
3792,88,1368,23,
3793,88,1371,24,
3794,88,1351,25,
3795,91,1663,1,
3796,91,1665,2,
3797,91,1666,3,
3798,91,1667,4,
3799,91,1674,5,
3800,91,1694,6,
3801,91,1693,7,
3802,91,1672,8,
3803,91,1678,9,
3804,91,1676,10,
3805,91,1697,11,
3806,91,1703,12,
3807,91,1680,13,
3808,91,1687,14,
3809,91,1686,15,
3810,91,1690,16,
3811,91,1692,17,
3812,91,1698,18,
3813,91,1701,19,
3814,91,1702,20,
3815,91,1682,21,
3816,91,1704,22,
3817,91,1705,23,
3818,91,1708,24,
3819,91,1688,25,
3820,92,1373,1,
3821,92,1375,2,
3822,92,1376,3,
3823,92,1377,4,
3824,92,1384,5,
3825,92,1404,6,
3826,92,1403,7,
3827,92,1382,8,
3828,92,1388,9,
3829,92,1386,10,
3830,92,1407,11,
3831,92,1413,12,
3832,92,1390,13,
3833,92,1397,14,
3834,92,1396,15,
3835,92,1400,16,
3836,92,1402,17,
3837,92,1408,18,
3838,92,1411,19,
3839,92,1412,20,
3840,92,1392,21,
3841,92,1414,22,
3842,92,1415,23,
3843,92,1418,24,
3844,92,1398,25,
3846,97,1903,1,
3847,97,1904,2,
3848,97,1905,3,
3849,97,1906,4,
3850,97,1907,5,
3851,97,1908,6,
3852,97,1909,7,
3853,97,1910,8,
3854,97,1911,9,
3855,97,1912,10,
3856,97,1913,11,
3857,97,1914,12,
3858,97,1915,13,
3859,97,1916,14,
3860,97,1917,15,
3861,97,1918,16,
3862,97,1919,17,
3863,97,1920,18,
3864,97,1921,19,
3865,97,1922,20,
3866,97,1923,21,
3867,97,1924,22,
3868,97,1925,23,
3869,97,1926,24,
3870,97,1927,25,
3871,97,1928,26,
3872,97,1929,27,
3873,97,1930,28,
3874,97,1931,29,
3875,97,1932,30,
3876,97,1933,31,
3877,97,1934,32,
3878,97,1935,33,
3879,97,1936,34,
3880,97,1937,35,
3881,98,1938,1,
3882,98,1939,2,
3883,98,1940,3,
3884,98,1941,4,
3885,98,1942,5,
3886,98,1943,6,
3887,98,1944,7,
3888,98,1945,8,
3889,98,1946,9,
3890,98,1947,10,
3891,98,1948,11,
3892,98,1949,12,
3893,98,1950,13,
3894,98,1951,14,
3895,98,1952,15,
3896,98,1953,16,
3897,98,1954,17,
3898,98,1955,18,
3899,98,1956,19,
3900,98,1957,20,
3901,98,1958,21,
3902,98,1959,22,
3903,98,1960,23,
3904,98,1961,24,
3905,98,1962,25,
3906,98,1963,26,
3907,98,1964,27,
3908,98,1965,28,
3909,98,1966,29,
3910,98,1967,30,
3911,98,1968,31,
3912,98,1969,32,
3913,98,1970,33,
3914,98,1971,34,
3915,98,1972,35,
3916,99,1973,1,
3917,99,1974,2,
3918,99,1975,3,
3919,99,1976,4,
3920,99,1977,5,
3921,99,1978,6,
3922,99,1979,7,
3923,99,1980,8,
3924,99,1981,9,
3925,99,1982,10,
3926,99,1983,11,
3927,99,1984,12,
3928,99,1985,13,
3929,99,1986,14,
3930,99,1987,15,
3931,99,1988,16,
3932,99,1989,17,
3933,99,1990,18,
3934,99,1991,19,
3935,99,1992,20,
3936,99,1993,21,
3937,99,1994,22,
3938,99,1995,23,
3939,99,1996,24,
3940,99,1997,25,
3941,99,1998,26,
3942,99,1999,27,
3943,99,2000,28,
3944,99,2001,29,
3945,99,2002,30,
3946,99,2003,31,
3947,99,2004,32,
3948,99,2005,33,
3949,99,2006,34,
3950,99,2007,35,
3951,100,2008,1,0
3952,100,2009,2,0
3953,100,2010,3,0
3954,100,2011,4,0
3955,100,2012,5,0
3956,100,2013,6,0
3957,100,2014,7,0
3958,100,2015,8,0
3959,100,2016,9,0
3960,100,2017,10,0
3961,100,2018,11,0
3962,100,2019,12,0
3963,100,2020,13,0
3964,100,2021,14,0
3965,100,2022,15,0
3966,100,2023,16,0
3967,100,2024,17,0
3968,100,2025,18,0
3969,100,2026,19,0
3970,100,2027,20,0
3971,100,2028,21,0
3972,100,2029,22,0
3973,100,2030,23,0
3974,100,2031,24,0
3975,100,2032,25,0
3976,100,2033,26,0
3977,100,2034,27,0
3978,100,2035,28,0
3979,100,2036,29,0
3980,100,2037,30,0
3981,100,2038,31,0
3982,100,2039,32,0
3983,100,2040,33,0
1,1,37,1,
2,1,12,2,
3,1,35,3,
4,1,45,4,
5,1,7,5,
6,1,10,6,
7,1,26,7,
8,1,14,8,
9,1,8,9,
10,1,4,10,
11,1,21,11,
12,1,46,12,
13,1,42,13,
14,1,29,14,
15,1,17,15,
16,1,23,16,
17,1,24,17,
18,1,32,18,
19,1,16,19,
20,1,41,20,
21,1,13,21,
22,1,39,22,
23,1,6,23,
24,1,34,24,
25,1,5,25,
26,1,30,26,
27,1,43,27,
28,1,33,28,
29,1,15,29,
30,1,36,30,
31,1,20,31,
32,1,44,32,
33,1,1,33,
34,1,28,34,
35,1,38,35,
36,1,27,36,
37,1,31,37,
38,1,3,38,
39,1,22,39,
40,1,9,40,
41,1,47,41,
42,1,19,42,
43,1,2,43,
44,1,18,44,
45,1,40,45,
46,1,25,46,
47,1,11,47,
48,2,84,1,
49,2,59,2,
50,2,82,3,
51,2,92,4,
52,2,54,5,
53,2,57,6,
54,2,73,7,
55,2,61,8,
56,2,55,9,
57,2,51,10,
58,2,68,11,
59,2,93,12,
60,2,89,13,
61,2,76,14,
62,2,64,15,
63,2,70,16,
64,2,71,17,
65,2,79,18,
66,2,63,19,
67,2,88,20,
68,2,60,21,
69,2,86,22,
70,2,53,23,
71,2,81,24,
72,2,52,25,
73,2,77,26,
74,2,90,27,
75,2,80,28,
76,2,62,29,
77,2,83,30,
78,2,67,31,
79,2,91,32,
80,2,48,33,
81,2,75,34,
82,2,85,35,
83,2,74,36,
84,2,78,37,
85,2,50,38,
86,2,69,39,
87,2,56,40,
88,2,94,41,
89,2,66,42,
90,2,49,43,
91,2,65,44,
92,2,87,45,
93,2,72,46,
94,2,58,47,
95,3,12,1,
96,3,45,2,
97,3,7,3,
98,3,10,4,
99,3,42,5,
100,3,1,6,
101,3,44,7,
102,3,21,8,
103,3,24,9,
104,3,17,10,
105,3,27,11,
106,3,19,12,
107,3,16,13,
108,3,30,14,
109,3,5,15,
110,3,15,16,
111,3,20,17,
112,3,31,18,
113,3,9,19,
114,3,47,20,
115,3,13,21,
116,3,2,22,
117,3,18,23,
118,3,11,24,
119,3,43,25,
120,4,59,1,
123,4,57,4,
124,4,89,5,
125,4,48,6,
126,4,91,7,
127,4,68,8,
128,4,71,9,
129,4,64,10,
131,4,66,12,
132,4,63,13,
133,4,77,14,
134,4,52,15,
135,4,62,16,
136,4,67,17,
137,4,78,18,
138,4,56,19,
139,4,94,20,
140,4,60,21,
141,4,49,22,
142,4,65,23,
143,4,58,24,
144,4,86,25,
145,6,142,1,
146,6,143,2,
147,6,144,3,
148,6,145,4,
149,6,146,5,
150,6,147,6,
151,6,148,7,
152,6,149,8,
153,6,150,9,
154,6,151,10,
155,6,152,11,
156,6,153,12,
157,6,154,13,
158,6,155,14,
159,6,156,15,
160,6,157,16,
161,6,158,17,
162,6,159,18,
163,6,160,19,
164,6,161,20,
165,6,162,21,
166,6,163,22,
121,4,92,2,
122,4,54,3,
130,4,74,11,
167,6,164,23,
168,6,165,24,
169,6,166,25,
170,6,167,26,
171,6,168,27,
172,6,169,28,
173,6,170,29,
174,6,171,30,
175,6,172,31,
176,6,173,32,
177,6,174,33,
178,6,175,34,
179,6,176,35,
180,6,177,36,
181,6,178,37,
182,6,179,38,
183,6,180,39,
184,6,181,40,
185,6,182,41,
186,6,183,42,
187,6,184,43,
188,6,185,44,
189,6,186,45,
190,6,187,46,
191,6,188,47,
192,5,95,1,
193,5,96,2,
194,5,97,3,
195,5,98,4,
196,5,99,5,
197,5,100,6,
198,5,101,7,
199,5,102,8,
200,5,103,9,
201,5,104,10,
202,5,105,11,
203,5,106,12,
204,5,107,13,
205,5,108,14,
206,5,109,15,
207,5,110,16,
208,5,111,17,
209,5,112,18,
210,5,113,19,
211,5,114,20,
212,5,115,21,
213,5,116,22,
214,5,117,23,
215,5,118,24,
216,5,119,25,
217,5,120,26,
218,5,121,27,
219,5,122,28,
220,5,123,29,
221,5,124,30,
222,5,125,31,
223,5,126,32,
224,5,127,33,
225,5,128,34,
226,5,129,35,
227,5,130,36,
228,5,131,37,
229,5,132,38,
230,5,133,39,
231,5,134,40,
232,5,135,41,
233,5,136,42,
234,5,137,43,
235,5,138,44,
236,5,139,45,
237,5,140,46,
238,5,141,47,
239,7,96,1,
240,7,98,2,
241,7,99,3,
242,7,100,4,
243,7,107,5,
244,7,127,6,
245,7,126,7,
246,7,105,8,
247,7,111,9,
248,7,109,10,
249,7,130,11,
250,7,136,12,
251,7,113,13,
252,7,120,14,
253,7,119,15,
254,7,123,16,
255,7,125,17,
256,7,131,18,
257,7,134,19,
258,7,135,20,
259,7,115,21,
260,7,137,22,
261,7,138,23,
262,7,141,24,
263,7,121,25,
264,8,143,1,
265,8,145,2,
266,8,146,3,
267,8,147,4,
268,8,154,5,
269,8,174,6,
270,8,173,7,
271,8,152,8,
272,8,158,9,
273,8,156,10,
274,8,177,11,
275,8,183,12,
276,8,160,13,
277,8,167,14,
278,8,166,15,
279,8,170,16,
280,8,172,17,
281,8,178,18,
282,8,181,19,
283,8,182,20,
284,8,162,21,
285,8,184,22,
286,8,185,23,
287,8,188,24,
288,8,163,25,
1345,10,458,46,
1346,10,459,47,
1347,13,753,1,
1348,13,754,2,
1349,13,755,3,
1350,13,756,4,
1351,13,757,5,
1352,13,758,6,
1353,13,759,7,
1354,13,760,8,
1355,13,761,9,
1356,13,762,10,
1357,13,763,11,
1358,13,764,12,
1359,13,765,13,
1360,13,766,14,
1361,13,767,15,
1362,13,768,16,
1363,13,769,17,
1364,13,770,18,
1365,13,771,19,
1366,13,772,20,
1367,13,773,21,
1368,13,774,22,
1369,13,775,23,
1370,13,776,24,
1371,13,777,25,
1372,13,778,26,
1373,13,779,27,
1374,13,780,28,
1375,13,781,29,
1376,13,782,30,
1377,13,783,31,
1378,13,784,32,
1379,13,785,33,
1380,13,786,34,
1381,13,787,35,
1382,13,788,36,
1383,13,789,37,
1384,13,790,38,
1385,13,791,39,
1386,13,792,40,
1387,13,793,41,
1388,13,794,42,
1389,13,795,43,
1390,13,796,44,
1391,13,797,45,
1392,13,798,46,
1393,13,799,47,
1394,21,471,1,
1395,21,472,2,
1396,21,473,3,
1397,21,474,4,
1398,21,475,5,
1399,21,476,6,
1400,21,477,7,
1401,21,478,8,
1402,21,479,9,
1403,21,480,10,
1404,21,481,11,
1405,21,482,12,
1406,21,483,13,
1407,21,484,14,
1408,21,485,15,
1409,21,486,16,
1410,21,487,17,
1411,21,488,18,
1412,21,489,19,
1413,21,490,20,
1414,21,491,21,
1415,21,492,22,
1416,21,493,23,
1417,21,494,24,
1418,21,495,25,
1419,21,496,26,
1420,21,497,27,
1421,21,498,28,
1422,21,499,29,
1423,21,500,30,
1424,21,501,31,
1425,21,502,32,
1426,21,503,33,
1427,21,504,34,
1428,21,505,35,
1429,21,506,36,
1430,21,507,37,
1431,21,508,38,
1432,21,509,39,
1433,21,510,40,
1434,21,511,41,
1435,21,512,42,
1436,21,513,43,
1437,21,514,44,
1438,21,515,45,
1439,21,516,46,
1440,21,517,47,
1441,25,518,1,
1442,25,519,2,
1443,25,520,3,
1444,25,521,4,
1445,25,522,5,
1446,25,523,6,
1447,25,524,7,
1448,25,525,8,
1449,25,526,9,
1450,25,527,10,
1451,25,528,11,
1452,25,529,12,
1453,25,530,13,
1454,25,531,14,
1455,25,532,15,
1456,25,533,16,
1457,25,534,17,
1458,25,535,18,
1459,25,536,19,
1460,25,537,20,
1461,25,538,21,
1462,25,539,22,
1463,25,540,23,
1464,25,541,24,
1465,25,542,25,
1466,25,543,26,
1467,25,544,27,
1468,25,545,28,
1469,25,546,29,
1470,25,547,30,
1471,25,548,31,
1472,25,549,32,
1473,25,550,33,
1474,25,551,34,
1475,25,552,35,
1476,25,553,36,
1477,25,554,37,
1478,25,555,38,
1479,25,556,39,
1480,25,557,40,
1481,25,558,41,
1482,25,559,42,
1483,25,560,43,
1484,25,561,44,
1485,25,562,45,
1486,25,563,46,
1487,25,564,47,
1488,26,366,1,
1489,26,367,2,
1490,26,368,3,
1491,26,369,4,
1492,26,370,5,
1493,26,371,6,
1494,26,372,7,
1495,26,373,8,
1496,26,374,9,
1497,26,375,10,
1498,26,376,11,
1499,26,377,12,
1500,26,378,13,
1501,26,379,14,
1502,26,380,15,
1503,26,381,16,
1504,26,382,17,
1505,26,383,18,
1506,26,384,19,
1507,26,385,20,
1508,26,386,21,
1509,26,387,22,
1510,26,388,23,
1511,26,389,24,
1512,26,390,25,
1513,26,391,26,
1514,26,392,27,
1515,26,393,28,
1516,26,394,29,
1517,26,395,30,
1518,26,396,31,
1519,26,397,32,
1520,26,398,33,
1521,26,399,34,
1522,26,400,35,
1523,26,401,36,
1524,26,402,37,
1525,26,403,38,
1526,26,404,39,
1527,26,405,40,
1528,26,406,41,
1529,26,407,42,
1530,26,408,43,
1531,26,409,44,
1532,26,410,45,
1533,26,411,46,
1534,26,412,47,
1535,29,612,1,
1536,29,613,2,
1537,29,614,3,
1538,29,615,4,
1539,29,616,5,
1540,29,617,6,
1541,29,618,7,
1542,29,619,8,
1543,29,620,9,
1544,29,621,10,
1545,29,622,11,
1546,29,623,12,
1547,29,624,13,
1548,29,625,14,
1549,29,626,15,
1550,29,627,16,
1551,29,628,17,
1552,29,629,18,
1553,29,630,19,
1554,29,631,20,
1555,29,632,21,
1556,29,633,22,
1557,29,634,23,
1558,29,635,24,
1559,29,636,25,
1560,29,637,26,
1561,29,638,27,
1562,29,639,28,
1563,29,640,29,
1564,29,641,30,
1565,29,642,31,
1566,29,643,32,
1567,29,644,33,
1568,29,645,34,
1569,29,646,35,
1570,29,647,36,
1571,29,648,37,
1572,29,649,38,
1573,29,650,39,
1574,29,651,40,
1575,29,652,41,
1576,29,653,42,
1577,29,654,43,
1578,29,655,44,
1579,29,656,45,
1580,29,657,46,
1581,29,658,47,
1582,30,460,1,
1583,30,461,2,
1584,30,462,3,
1585,30,463,4,
1586,30,464,5,
1587,30,465,6,
1588,30,466,7,
1589,30,467,8,
1590,30,468,9,
1591,30,469,10,
1592,30,470,11,
1593,30,189,12,
1594,30,190,13,
1595,30,191,14,
1596,30,192,15,
1597,30,193,16,
1598,30,194,17,
1599,30,195,18,
1600,30,196,19,
1601,30,197,20,
1602,30,198,21,
1603,30,199,22,
1604,30,200,23,
1605,30,201,24,
1606,30,202,25,
1607,30,203,26,
1608,30,204,27,
1609,30,205,28,
1610,30,206,29,
1611,30,207,30,
1612,30,208,31,
1613,30,209,32,
1614,30,210,33,
1615,30,211,34,
1616,30,212,35,
1617,30,213,36,
1618,30,214,37,
1619,30,215,38,
1620,30,216,39,
1621,30,217,40,
1622,30,218,41,
1623,30,219,42,
1624,30,220,43,
1625,30,221,44,
1626,30,222,45,
1627,30,223,46,
1628,30,224,47,
1629,33,659,1,
1630,33,660,2,
1631,33,661,3,
1632,33,662,4,
1633,33,663,5,
1634,33,664,6,
1635,33,665,7,
1636,33,666,8,
1637,33,667,9,
1638,33,668,10,
1639,33,669,11,
1640,33,670,12,
1641,33,671,13,
1642,33,672,14,
1643,33,673,15,
1644,33,674,16,
1645,33,675,17,
1646,33,676,18,
1647,33,677,19,
1648,33,678,20,
1649,33,679,21,
1650,33,680,22,
1651,33,681,23,
1652,33,682,24,
1653,33,683,25,
1654,33,684,26,
1655,33,685,27,
1656,33,686,28,
1657,33,687,29,
1658,33,688,30,
1659,33,689,31,
1660,33,690,32,
1661,33,691,33,
1662,33,692,34,
1663,33,693,35,
1664,33,694,36,
1665,33,695,37,
1666,33,696,38,
1667,33,697,39,
1668,33,698,40,
1669,33,699,41,
1670,33,700,42,
1671,33,701,43,
1672,33,702,44,
1673,33,703,45,
1674,33,704,46,
1675,33,705,47,
1676,34,225,1,
1677,34,226,2,
1678,34,227,3,
1679,34,228,4,
1680,34,229,5,
1681,34,230,6,
1682,34,231,7,
1683,34,232,8,
1684,34,233,9,
1685,34,234,10,
1686,34,235,11,
1687,34,236,12,
1688,34,237,13,
1689,34,238,14,
1690,34,239,15,
1691,34,240,16,
1692,34,241,17,
1693,34,242,18,
1694,34,243,19,
1695,34,244,20,
1696,34,245,21,
1697,34,246,22,
1698,34,247,23,
1699,34,248,24,
1700,34,249,25,
1701,34,250,26,
1702,34,251,27,
1703,34,252,28,
1704,34,253,29,
1705,34,254,30,
1706,34,255,31,
1707,34,256,32,
1708,34,257,33,
1709,34,258,34,
1710,34,259,35,
1711,34,260,36,
1712,34,261,37,
1713,34,262,38,
1714,34,263,39,
1715,34,264,40,
1716,34,265,41,
1717,34,266,42,
1718,34,267,43,
1719,34,268,44,
1720,34,269,45,
1721,34,270,46,
1722,34,271,47,
1723,37,706,1,
1724,37,707,2,
1725,37,708,3,
1726,37,709,4,
1727,37,710,5,
1728,37,711,6,
1729,37,712,7,
1730,37,713,8,
1731,37,714,9,
1732,37,715,10,
1733,37,716,11,
1734,37,717,12,
1735,37,718,13,
1736,37,719,14,
1737,37,720,15,
1738,37,721,16,
1739,37,722,17,
1740,37,723,18,
1741,37,724,19,
1742,37,725,20,
1743,37,726,21,
1744,37,727,22,
1745,37,728,23,
1746,37,729,24,
1747,37,730,25,
1748,37,731,26,
1749,37,732,27,
1750,37,733,28,
1751,37,734,29,
1752,37,735,30,
1753,37,736,31,
1754,37,737,32,
1755,37,738,33,
1756,37,739,34,
1757,37,740,35,
1758,37,741,36,
1759,37,742,37,
1760,37,743,38,
1761,37,744,39,
1762,37,745,40,
1763,37,746,41,
1764,37,747,42,
1765,37,748,43,
1766,37,749,44,
1767,37,750,45,
1768,37,751,46,
1769,37,752,47,
1770,38,272,1,
1771,38,273,2,
1772,38,274,3,
1773,38,275,4,
1774,38,276,5,
1775,38,277,6,
1776,38,278,7,
1777,38,279,8,
1778,38,280,9,
1779,38,281,10,
1780,38,282,11,
1781,38,283,12,
1782,38,284,13,
1783,38,285,14,
1784,38,286,15,
1785,38,287,16,
1786,38,288,17,
1787,38,289,18,
1788,38,290,19,
1789,38,291,20,
1790,38,292,21,
1791,38,293,22,
1792,38,294,23,
1793,38,295,24,
1794,38,296,25,
1795,38,297,26,
1796,38,298,27,
1797,38,299,28,
1798,38,300,29,
1799,38,301,30,
1800,38,302,31,
1801,38,303,32,
1802,38,304,33,
1803,38,305,34,
1804,38,306,35,
1805,38,307,36,
1806,38,308,37,
1807,38,309,38,
1808,38,310,39,
1809,38,311,40,
1810,38,312,41,
1811,38,313,42,
1812,38,314,43,
1813,38,315,44,
1814,38,316,45,
1815,38,317,46,
1816,38,318,47,
1817,41,800,1,
1818,41,801,2,
1819,41,802,3,
1820,41,803,4,
1821,41,804,5,
1822,41,805,6,
1823,41,806,7,
1824,41,807,8,
1825,41,808,9,
1826,41,809,10,
1827,41,810,11,
1828,41,811,12,
1829,41,812,13,
1830,41,813,14,
1831,41,814,15,
1832,41,815,16,
1833,41,816,17,
1834,41,817,18,
1835,41,818,19,
1836,41,819,20,
1837,41,820,21,
1838,41,821,22,
1839,41,822,23,
1840,41,823,24,
1841,41,824,25,
1842,41,825,26,
1843,41,826,27,
1844,41,827,28,
1845,41,828,29,
1846,41,829,30,
1847,41,830,31,
1848,41,831,32,
1849,41,832,33,
1850,41,833,34,
1851,41,834,35,
1852,41,835,36,
1853,41,836,37,
1854,41,837,38,
1855,41,838,39,
1856,41,839,40,
1857,41,840,41,
1858,41,841,42,
1859,41,842,43,
1860,41,843,44,
1861,41,844,45,
1862,41,845,46,
1863,41,846,47,
1864,42,319,1,
1865,42,320,2,
1866,42,321,3,
1867,42,322,4,
1868,42,323,5,
1869,42,324,6,
1870,42,325,7,
1871,42,326,8,
1872,42,327,9,
1873,42,328,10,
1874,42,329,11,
1875,42,330,12,
1876,42,331,13,
1877,42,332,14,
1878,42,333,15,
1879,42,334,16,
1880,42,335,17,
1881,42,336,18,
1882,42,337,19,
1883,42,338,20,
1884,42,339,21,
1885,42,340,22,
1886,42,341,23,
1887,42,342,24,
1888,42,343,25,
1889,42,344,26,
1890,42,345,27,
1891,42,346,28,
1892,42,347,29,
1893,42,348,30,
1894,42,349,31,
1895,42,350,32,
1896,42,351,33,
1897,42,352,34,
1898,42,353,35,
1899,42,354,36,
1900,42,355,37,
1901,42,356,38,
1902,42,357,39,
1903,42,358,40,
1904,42,359,41,
1905,42,360,42,
1906,42,361,43,
1907,42,362,44,
1908,42,363,45,
1909,42,364,46,
1910,42,365,47,
1911,11,566,1,
1912,11,568,2,
1913,11,569,3,
1914,11,570,4,
1915,11,577,5,
1916,11,597,6,
1917,11,596,7,
1918,11,575,8,
1919,11,581,9,
1920,11,579,10,
1921,11,600,11,
1922,11,606,12,
1923,11,583,13,
1924,11,590,14,
1925,11,589,15,
1926,11,593,16,
1927,11,595,17,
1928,11,601,18,
1929,11,604,19,
1930,11,605,20,
1931,11,585,21,
1932,11,607,22,
1933,11,608,23,
1934,11,611,24,
1935,11,591,25,
1936,12,414,1,
1937,12,416,2,
1938,12,417,3,
1939,12,418,4,
1940,12,425,5,
1941,12,445,6,
1942,12,444,7,
1943,12,423,8,
1944,12,429,9,
1945,12,427,10,
1946,12,448,11,
1947,12,454,12,
1948,12,431,13,
1949,12,438,14,
1950,12,437,15,
1951,12,441,16,
1952,12,443,17,
1953,12,449,18,
1954,12,452,19,
1955,12,453,20,
1956,12,433,21,
1957,12,455,22,
1958,12,456,23,
1959,12,459,24,
1960,12,439,25,
1961,15,754,1,
1962,15,756,2,
1963,15,757,3,
1964,15,758,4,
1965,15,765,5,
1966,15,785,6,
1967,15,784,7,
1968,15,763,8,
1969,15,769,9,
1970,15,767,10,
1971,15,788,11,
1972,15,794,12,
1973,15,771,13,
1974,15,778,14,
1975,15,777,15,
1976,15,781,16,
1977,15,783,17,
1978,15,789,18,
1979,15,792,19,
1980,15,793,20,
1981,15,773,21,
1982,15,795,22,
1983,15,796,23,
1984,15,799,24,
1985,15,779,25,
1986,23,472,1,
1987,23,474,2,
1988,23,475,3,
1989,23,476,4,
1990,23,483,5,
1991,23,503,6,
1992,23,502,7,
1993,23,481,8,
1994,23,487,9,
1995,23,485,10,
1996,23,506,11,
1997,23,512,12,
1998,23,489,13,
1999,23,496,14,
2000,23,495,15,
2001,23,499,16,
2002,23,501,17,
2003,23,507,18,
2004,23,510,19,
2005,23,511,20,
2006,23,491,21,
2007,23,513,22,
2008,23,514,23,
2009,23,517,24,
2010,23,497,25,
2011,27,519,1,
2012,27,521,2,
2013,27,522,3,
2014,27,523,4,
2015,27,530,5,
2016,27,550,6,
2017,27,549,7,
2018,27,528,8,
2019,27,534,9,
2020,27,532,10,
2021,27,553,11,
2022,27,559,12,
2023,27,536,13,
2024,27,543,14,
2025,27,542,15,
2026,27,546,16,
2027,27,548,17,
2028,27,554,18,
2029,27,557,19,
2030,27,558,20,
2031,27,538,21,
2032,27,560,22,
2033,27,561,23,
2034,27,564,24,
2035,27,544,25,
2036,28,367,1,
2037,28,369,2,
2038,28,370,3,
2039,28,371,4,
2040,28,378,5,
2041,28,398,6,
2042,28,397,7,
2043,28,376,8,
2044,28,382,9,
2045,28,380,10,
2046,28,401,11,
2047,28,407,12,
2048,28,384,13,
2049,28,391,14,
2050,28,390,15,
2051,28,394,16,
2052,28,396,17,
2053,28,402,18,
2054,28,405,19,
2055,28,406,20,
2056,28,386,21,
2057,28,408,22,
2058,28,409,23,
2059,28,412,24,
2060,28,392,25,
2061,31,613,1,
2062,31,615,2,
2063,31,616,3,
2064,31,617,4,
2065,31,624,5,
2066,31,644,6,
2067,31,643,7,
2068,31,622,8,
2069,31,628,9,
2070,31,626,10,
2071,31,647,11,
2072,31,653,12,
2073,31,630,13,
2074,31,637,14,
2075,31,636,15,
2076,31,640,16,
2077,31,642,17,
2078,31,648,18,
2079,31,651,19,
2080,31,652,20,
2081,31,632,21,
2082,31,654,22,
2083,31,655,23,
2084,31,658,24,
2085,31,638,25,
2086,32,461,1,
2087,32,463,2,
2088,32,464,3,
2089,32,465,4,
2090,32,190,5,
2091,32,210,6,
2092,32,209,7,
2093,32,470,8,
2094,32,194,9,
2095,32,192,10,
2096,32,213,11,
2097,32,219,12,
2098,32,196,13,
2099,32,203,14,
2100,32,202,15,
2101,32,206,16,
2102,32,208,17,
2103,32,214,18,
2104,32,217,19,
2105,32,218,20,
2106,32,198,21,
2107,32,220,22,
2108,32,221,23,
2109,32,224,24,
2110,32,204,25,
2111,35,660,1,
2112,35,662,2,
2113,35,663,3,
2114,35,664,4,
2115,35,671,5,
2116,35,691,6,
2117,35,690,7,
2118,35,669,8,
2119,35,675,9,
2120,35,673,10,
2121,35,694,11,
2122,35,700,12,
2123,35,677,13,
2124,35,684,14,
2125,35,683,15,
2126,35,687,16,
2127,35,689,17,
2128,35,695,18,
2129,35,698,19,
2130,35,699,20,
2131,35,679,21,
2132,35,701,22,
2133,35,702,23,
2134,35,705,24,
2135,35,685,25,
2136,36,226,1,
2137,36,228,2,
2138,36,229,3,
2139,36,230,4,
2140,36,237,5,
2141,36,257,6,
2142,36,256,7,
2143,36,235,8,
2144,36,241,9,
2145,36,239,10,
2146,36,260,11,
2147,36,266,12,
2148,36,243,13,
2149,36,250,14,
2150,36,249,15,
2151,36,253,16,
2152,36,255,17,
2153,36,261,18,
2154,36,264,19,
2155,36,265,20,
2156,36,245,21,
2157,36,267,22,
2158,36,268,23,
2159,36,271,24,
2160,36,251,25,
2161,39,707,1,
2162,39,709,2,
2163,39,710,3,
2164,39,711,4,
2165,39,718,5,
2166,39,738,6,
2167,39,737,7,
2168,39,716,8,
2169,39,722,9,
2170,39,720,10,
2171,39,741,11,
2172,39,747,12,
2173,39,724,13,
2174,39,731,14,
2175,39,730,15,
2176,39,734,16,
2177,39,736,17,
2178,39,742,18,
2179,39,745,19,
2180,39,746,20,
2181,39,726,21,
2182,39,748,22,
2183,39,749,23,
2184,39,752,24,
2185,39,732,25,
2186,40,273,1,
2187,40,275,2,
2188,40,276,3,
2189,40,277,4,
2190,40,284,5,
2191,40,304,6,
2192,40,303,7,
2193,40,282,8,
2194,40,288,9,
2195,40,286,10,
2196,40,307,11,
2197,40,313,12,
2198,40,290,13,
2199,40,297,14,
2200,40,296,15,
2201,40,300,16,
2202,40,302,17,
2203,40,308,18,
2204,40,311,19,
2205,40,312,20,
2206,40,292,21,
2207,40,314,22,
2208,40,315,23,
2209,40,318,24,
2210,40,298,25,
2211,43,801,1,
2212,43,803,2,
2213,43,804,3,
2214,43,805,4,
2215,43,812,5,
2216,43,832,6,
2217,43,831,7,
2218,43,810,8,
2219,43,816,9,
2220,43,814,10,
2221,43,835,11,
2222,43,841,12,
2223,43,818,13,
2224,43,825,14,
2225,43,824,15,
2226,43,828,16,
2227,43,830,17,
2228,43,836,18,
2229,43,839,19,
2230,43,840,20,
2231,43,820,21,
2232,43,842,22,
2233,43,843,23,
2234,43,846,24,
2235,43,826,25,
2236,44,320,1,
2237,44,322,2,
2238,44,323,3,
2239,44,324,4,
2240,44,331,5,
2241,44,351,6,
2242,44,350,7,
2243,44,329,8,
2244,44,335,9,
2245,44,333,10,
2246,44,354,11,
2247,44,360,12,
2248,44,337,13,
2249,44,344,14,
2250,44,343,15,
2251,44,347,16,
2252,44,349,17,
2253,44,355,18,
2254,44,358,19,
2255,44,359,20,
2256,44,339,21,
2257,44,361,22,
2258,44,362,23,
2259,44,365,24,
2260,44,345,25,
2261,17,1568,1,
2262,17,1569,2,
2263,17,1570,3,
2264,17,1571,4,
2265,17,1572,5,
2266,17,1573,6,
2267,17,1574,7,
2268,17,1575,8,
2269,17,1576,9,
2270,17,1577,10,
2271,17,1578,11,
2272,17,1579,12,
2273,17,1580,13,
2274,17,1581,14,
2275,17,1582,15,
2276,17,1583,16,
2277,17,1584,17,
2278,17,1585,18,
2279,17,1586,19,
2280,17,1587,20,
2281,17,1588,21,
2282,17,1589,22,
2283,17,1590,23,
2284,17,1591,24,
2285,17,1592,25,
2286,17,1593,26,
2287,17,1594,27,
2288,17,1595,28,
2289,17,1596,29,
2290,17,1597,30,
2291,17,1598,31,
2292,17,1599,32,
2293,17,1600,33,
2294,17,1601,34,
2295,17,1602,35,
2296,17,1603,36,
2297,17,1604,37,
2298,17,1605,38,
2299,17,1606,39,
2300,17,1607,40,
2301,17,1608,41,
2302,17,1609,42,
2303,17,1610,43,
2304,17,1611,44,
2305,17,1612,45,
2306,17,1613,46,
2307,17,1614,47,
2308,18,1278,1,
2309,18,1279,2,
2310,18,1280,3,
2311,18,1281,4,
2312,18,1282,5,
2313,18,1283,6,
2314,18,1284,7,
2315,18,1285,8,
2316,18,1286,9,
2317,18,1287,10,
2318,18,1288,11,
2319,18,1289,12,
2320,18,1290,13,
2321,18,1291,14,
2322,18,1292,15,
2323,18,1293,16,
2324,18,1294,17,
2325,18,1295,18,
2326,18,1296,19,
2327,18,1297,20,
2328,18,1298,21,
2329,18,1299,22,
2330,18,1300,23,
2331,18,1301,24,
2332,18,1302,25,
2333,18,1303,26,
2334,18,1304,27,
2335,18,1305,28,
2336,18,1306,29,
2337,18,1307,30,
2338,18,1308,31,
2339,18,1309,32,
2340,18,1310,33,
2341,18,1311,34,
2342,18,1312,35,
2343,18,1313,36,
2344,18,1314,37,
2345,18,1315,38,
2346,18,1316,39,
2347,18,1317,40,
2348,18,1318,41,
2349,18,1319,42,
2350,18,1320,43,
2351,18,1321,44,
2352,18,1322,45,
2353,18,1323,46,
2354,18,1324,47,
2355,45,889,1,
2356,45,847,2,
2357,45,848,3,